"V1","V2","V3","V4","V5"
"WAT001",19.64285714,23.92857143,60,11
"WAT002",57.5,73.21428571,10,2
"WAT003",18.21428571,22.5,54,14
"NBR003",11.07142857,17.85714286,35,11
"NBR004",11.42857143,18.21428571,37,10
"NBR005",11.07142857,17.14285714,31,9
"NBR007",0,15,46,13
"NBR009",11.42857143,17.85714286,45,7
"NBR010",5.357142857,15.71428571,46,15
"NBR013",11.07142857,18.21428571,41,12
"NBR014",17.85714286,19.28571429,35,12
"NBR015",16.78571429,18.92857143,41,9
"NBR017",11.42857143,17.85714286,38,8
"NBR018",11.07142857,16.42857143,36,8
"NBR019",11.07142857,16.42857143,46,10
"NBR020",11.42857143,18.21428571,8,8
"NBR021",5.357142857,15.35714286,29,7
"ERI002",5.357142857,15.35714286,18,8
"ERI003",11.07142857,16.78571429,34,14
"ERI004",0,10,29,9
"ERI005",0,10,27,5
"ERI006",11.07142857,16.78571429,31,7
"ERI007",0,10.71428571,8,14
"ERI008",0,11.07142857,45,8
"ERI009",11.07142857,16.78571429,24,7
"TIL001",17.85714286,24.64285714,11,8
