scenario,method,true_k,true_dates,predicted_k,classification_k,n_individuals,original_n,prop_individuals_correct_cluster,mean_true_dates_covered,covered_20,covered_50,covered_75,mean_sampling_range_reduction,prop_sampling_midpoint_covered
africaeurope_0595,DATES,1,50,1,correct,30,30,1,1,NA,1,NA,NA,NA
africaeurope_0595,DATES,1,75,1,correct,30,30,1,1,NA,NA,1,NA,NA
africaeurope_5050,DATES,1,100,1,correct,30,30,1,1,NA,NA,NA,NA,NA
africaeurope_5050,DATES,1,20,1,correct,30,30,1,1,1,NA,NA,NA,NA
africaeurope_5050,DATES,2,20;30,2,correct,60,60,0.866666667,0.866666667,0.933333333,NA,NA,NA,NA
africaeurope_5050,DATES,1,30,1,correct,30,30,1,1,NA,NA,NA,NA,NA
africaeurope_5050,DATES,2,30;50,2,correct,35,35,0.914285714,0.914285714,NA,1,NA,NA,NA
africaeurope_5050,DATES,1,30,1,correct,30,30,1,0,NA,NA,NA,0.435726378,1
africaeurope_5050,DATES,1,30,1,correct,30,30,1,0,NA,NA,NA,0.549690382,0.966666667
africaeurope_5050,DATES,2,30;50,2,correct,60,60,0.916666667,0.916666667,NA,0.933333333,NA,NA,NA
africaeurope_5050,DATES,2,30;50,2,correct,20,20,0.85,0.85,NA,0.8,NA,NA,NA
africaeurope_5050,DATES,1,50,1,correct,30,30,1,1,NA,1,NA,NA,NA
africaeurope_5050,DATES,2,50;30,2,correct,35,35,0.914285714,0.914285714,NA,0.933333333,NA,NA,NA
africaeurope_5050,DATES,2,50;75,2,correct,35,35,0.942857143,0.942857143,NA,1,0.6,NA,NA
africaeurope_5050,DATES,2,50;75,2,correct,60,60,0.95,0.5,NA,1,0,NA,NA
africaeurope_5050,DATES,2,50;75,2,correct,20,20,0.95,0.5,NA,1,0,NA,NA
africaeurope_5050,DATES,1,75,1,correct,30,30,1,1,NA,NA,1,NA,NA
africaeurope_5050,DATES,2,75;50,2,correct,35,35,0.914285714,0.142857143,NA,1,0,NA,NA
italiannorway,DATES,2,30;50,2,correct,37,60,0.567567568,0.27027027,NA,0.526315789,NA,NA,NA
italiannorway,DATES,2,30;75,2,correct,30,60,0.6,0,NA,NA,0,NA,NA
italiannorway,DATES,1,30,1,correct,18,30,1,0,NA,NA,NA,NA,NA
italiannorway,DATES,1,30,1,correct,18,30,1,0,NA,NA,NA,0.916887976,1
italiannorway,DATES,2,50;75,1,predicted_k1,31,60,0.612903226,0.387096774,NA,0,1,NA,NA
italiannorway,DATES,1,50,1,correct,19,30,1,0,NA,0,NA,NA,NA
italiannorway,DATES,1,75,1,correct,12,30,1,1,NA,NA,1,NA,NA
italiannorway,GT,1,30,1,correct,24,30,1,1,NA,NA,NA,NA,NA
italiannorway,GT,1,50,1,correct,17,30,1,1,NA,1,NA,NA,NA
italiannorway,GT,1,75,2,predicted_k2,15,30,0.666666667,0.666666667,NA,NA,0.666666667,NA,NA
italiannorway,GT,2,30;50,1,predicted_k1,41,60,0.585365854,1,NA,1,NA,NA,NA
italiannorway,GT,2,50;75,2,correct,32,60,0.5625,0.65625,NA,0.588235294,0.733333333,NA,NA
italiannorway,GT,2,30;75,2,correct,39,60,0.615384615,0.897435897,NA,NA,0.733333333,NA,NA
italiannorway,GT,1,30,1,correct,24,30,1,1,NA,NA,NA,0.942866278,1
africaeurope_5050,GT,1,20,1,correct,30,30,1,1,1,NA,NA,NA,NA
africaeurope_5050,GT,1,30,1,correct,30,30,1,1,NA,NA,NA,NA,NA
africaeurope_5050,GT,1,50,1,correct,30,30,1,1,NA,1,NA,NA,NA
africaeurope_5050,GT,1,75,1,correct,28,30,1,1,NA,NA,1,NA,NA
africaeurope_5050,GT,1,100,2,predicted_k2,29,30,0.724137931,0.724137931,NA,NA,NA,NA,NA
africaeurope_0595,GT,1,50,1,correct,30,30,1,1,NA,1,NA,NA,NA
africaeurope_0595,GT,1,75,1,correct,30,30,1,1,NA,NA,1,NA,NA
africaeurope_5050,GT,2,20;30,2,correct,60,60,0.85,0.85,0.9,NA,NA,NA,NA
africaeurope_5050,GT,2,30;50,2,correct,60,60,0.983333333,0.983333333,NA,0.966666667,NA,NA,NA
africaeurope_5050,GT,2,50;75,2,correct,58,60,0.931034483,0.931034483,NA,1,0.857142857,NA,NA
africaeurope_5050,GT,2,30;50,2,correct,35,35,0.857142857,0.628571429,NA,0,NA,NA,NA
africaeurope_5050,GT,2,50;30,2,correct,35,35,0.942857143,0.942857143,NA,0.933333333,NA,NA,NA
africaeurope_5050,GT,2,50;75,1,predicted_k1,35,35,0.857142857,0.857142857,NA,1,0,NA,NA
africaeurope_5050,GT,2,75;50,2,correct,33,35,0.878787879,0.878787879,NA,1,0.857142857,NA,NA
africaeurope_5050,GT,2,30;50,2,correct,20,20,1,1,NA,1,NA,NA,NA
africaeurope_5050,GT,2,50;75,2,correct,20,20,0.85,0.85,NA,1,0.7,NA,NA
africaeurope_5050,GT,1,30,1,correct,30,30,1,0,NA,NA,NA,0.671255193,1
africaeurope_5050,GT,1,30,1,correct,30,30,1,0,NA,NA,NA,0.58012476,1
